,Id,No,Si,departamento,habilitados,nomarcados,nombre,nulos,total votos,validos
0,31004,1886,1804,VALLE,11192,41,ALCALA,69,3800,3690
1,31007,3219,3505,VALLE,19548,40,ANDALUCIA,101,6865,6724
2,31010,3609,1667,VALLE,19269,49,ANSERMANUEVO,80,5405,5276
3,31013,983,923,VALLE,6426,19,ARGELIA,30,1955,1906
4,31016,2759,2065,VALLE,13389,65,BOLIVAR,75,4964,4824
5,31019,17670,42565,VALLE,219150,629,BUENAVENTURA,1525,62389,60235
6,31022,20572,20956,VALLE,100078,202,BUGA,551,42281,41528
7,31025,2934,3977,VALLE,19020,54,BUGALAGRANDE,136,7101,6911
8,31028,6106,3886,VALLE,28321,143,CAICEDONIA,186,10321,9992
9,31001,269502,319949,VALLE,1637938,2298,CALI,4496,596245,589451
10,31031,12525,10898,VALLE,68548,136,CANDELARIA,440,23999,23423
11,31034,24101,14845,VALLE,111785,222,CARTAGO,554,39722,38946
12,31037,5858,4666,VALLE,35005,80,DAGUA,150,10754,10524
13,31055,7906,10354,VALLE,50135,219,FLORIDA,347,18826,18260
14,31058,3263,3182,VALLE,16309,75,GINEBRA,99,6619,6445
15,31061,4555,5786,VALLE,27420,61,GUACARI,184,10586,10341
16,31064,15665,18060,VALLE,96350,161,JAMUNDI,518,34404,33725
17,31076,1970,1579,VALLE,11185,27,OBANDO,81,3657,3549
18,31079,45431,54278,VALLE,261731,509,PALMIRA,1162,101380,99709
19,31082,7263,7574,VALLE,39766,120,PRADERA,258,15215,14837
20,31085,2574,1777,VALLE,14911,38,RESTREPO,58,4447,4351
21,31088,3065,2103,VALLE,15859,44,RIOFRIO,98,5310,5168
22,31091,6372,4631,VALLE,28313,56,ROLDANILLO,115,11174,11003
23,31097,6231,6589,VALLE,37835,157,SEVILLA,335,13312,12820
24,31100,2422,1383,VALLE,12667,44,TORO,77,3926,3805
25,31103,3296,1960,VALLE,15793,60,TRUJILLO,85,5401,5256
26,31106,32877,27738,VALLE,157134,436,TULUA,1001,62052,60615
27,31109,712,909,VALLE,4636,25,ULLOA,28,1674,1621
28,31112,1650,963,VALLE,7989,35,VERSALLES,38,2686,2613
29,31115,1554,1812,VALLE,10404,36,VIJES,35,3437,3366
30,31118,2608,2358,VALLE,14310,33,YOTOCO,61,5060,4966
31,31121,16252,18095,VALLE,96839,171,YUMBO,470,34988,34347
32,31124,6580,6632,VALLE,36664,67,ZARZAL,263,13542,13212
33,88120,75,488,CONSULADOS,2942,0,ALEMANIA,1,564,563
34,88155,226,1166,CONSULADOS,6040,2,ARGENTINA,2,1396,1392
35,88160,426,228,CONSULADOS,3024,1,ARUBA,1,656,654
36,88165,280,695,CONSULADOS,3843,0,AUSTRALIA,0,975,975
37,88170,29,139,CONSULADOS,518,0,AUSTRIA,0,168,168
38,88190,71,314,CONSULADOS,1487,1,BELGICA,0,386,385
39,88215,60,67,CONSULADOS,726,0,BOLIVIA,0,127,127
40,88220,86,388,CONSULADOS,2029,0,BRASIL,2,476,474
41,88250,1559,2717,CONSULADOS,17355,1,CANADA,6,4283,4276
42,88305,421,879,CONSULADOS,5228,1,CHILE,1,1302,1300
43,88320,10,13,CONSULADOS,41,0,CHIPRE,1,24,23
44,88290,1,16,CONSULADOS,188,0,CUBA,0,17,17
45,88140,142,89,CONSULADOS,1321,0,CURAZAO,2,233,231
46,88325,1,28,CONSULADOS,57,0,DINAMARCA,0,29,29
47,88330,991,1686,CONSULADOS,23212,10,ECUADOR,13,2700,2677
48,88335,2,14,CONSULADOS,144,0,EGIPTO,0,16,16
49,88355,2235,4891,CONSULADOS,85658,8,ESPAÑA,4,7138,7126
50,88370,4,12,CONSULADOS,66,0,FILIPINAS,0,16,16
51,88375,6,33,CONSULADOS,70,0,FINLANDIA,0,39,39
52,88380,317,1498,CONSULADOS,7110,1,FRANCIA,0,1816,1815
53,88115,0,5,CONSULADOS,17,0,GHANA,0,5,5
54,88405,4,19,CONSULADOS,47,0,GRECIA,0,23,23
55,88410,106,109,CONSULADOS,724,0,GUATEMALA,0,215,215
56,88435,68,233,CONSULADOS,1693,0,HOLANDA,0,301,301
57,88440,27,34,CONSULADOS,441,0,HONDURAS,0,61,61
58,88455,0,14,CONSULADOS,79,0,INDIA,0,14,14
59,88460,9,47,CONSULADOS,190,0,INDONESIA,0,56,56
60,88465,532,1159,CONSULADOS,9177,1,INGLATERRA,2,1694,1691
61,88470,16,33,CONSULADOS,91,0,IRLANDA,0,49,49
62,88490,22,39,CONSULADOS,774,0,ISRAEL,1,62,61
63,88495,107,321,CONSULADOS,5241,1,ITALIA,2,431,428
64,88500,18,14,CONSULADOS,256,0,JAMAICA,0,32,32
65,88505,33,79,CONSULADOS,799,0,JAPON,0,112,112
66,88515,2,13,CONSULADOS,57,0,KENIA,0,15,15
67,88535,12,34,CONSULADOS,739,0,LIBANO,0,46,46
68,88560,7,13,CONSULADOS,105,0,MALASIA,0,20,20
69,88580,0,6,CONSULADOS,16,0,MARRUECOS,0,6,6
70,88590,337,742,CONSULADOS,4304,0,MEXICO,0,1079,1079
71,88620,13,48,CONSULADOS,226,0,NICARAGUA,0,61,61
72,88635,1,26,CONSULADOS,108,0,NORUEGA,0,27,27
73,88655,783,704,CONSULADOS,11757,1,PANAMA,3,1491,1487
74,88665,36,34,CONSULADOS,261,0,PARAGUAY,0,70,70
75,88670,239,449,CONSULADOS,2755,0,PERU,1,689,688
76,88675,5,21,CONSULADOS,114,0,POLONIA,0,26,26
77,88680,15,58,CONSULADOS,353,0,PORTUGAL,0,73,73
78,88700,3,31,CONSULADOS,304,0,RUSIA,0,34,34
79,88745,21,41,CONSULADOS,184,0,SUDAFRICA,1,63,62
80,88755,57,216,CONSULADOS,1267,0,SUECIA,0,273,273
81,88760,142,514,CONSULADOS,2724,0,SUIZA,0,656,656
82,88765,2,13,CONSULADOS,52,0,TAILANDIA,0,15,15
83,88770,6,20,CONSULADOS,70,0,TURQUIA,0,26,26
84,88805,23,76,CONSULADOS,391,0,URUGUAY,1,100,99
85,88815,5539,9903,CONSULADOS,188352,45,VENEZUELA,76,15563,15442
86,54003,417,1079,GUAVIARE,5482,17,CALAMAR,24,1537,1496
87,54012,142,848,GUAVIARE,4217,12,MIRAFLORES,11,1013,990
88,72006,952,2717,VICHADA,19420,42,CUMARIBO,52,3763,3669
89,44002,842,445,CAQUETA,3923,121,ALBANIA,22,1430,1287
90,44012,1052,729,CAQUETA,7604,35,CURILLO,55,1871,1781
91,44001,23593,14803,CAQUETA,115892,187,FLORENCIA,421,39004,38396
92,44016,590,750,CAQUETA,6861,9,MILAN,20,1369,1340
93,44017,731,387,CAQUETA,3584,9,MORELIA,16,1143,1118
94,44022,460,1506,CAQUETA,7754,18,SOLANO,20,2004,1966
95,44024,804,484,CAQUETA,5746,18,SOLITA,26,1332,1288
96,44040,805,724,CAQUETA,6188,22,VALPARAISO,60,1611,1529
97,05004,1874,4307,BOLIVAR,15748,61,ACHI,87,6329,6181
98,05005,229,1690,BOLIVAR,5625,8,ARENAL,23,1950,1919
99,05007,3642,6030,BOLIVAR,51077,50,ARJONA,63,9785,9672
100,05013,1490,2140,BOLIVAR,17670,48,CALAMAR,37,3715,3630
101,05014,732,1878,BOLIVAR,6076,17,CANTAGALLO,44,2671,2610
102,05001,64735,81500,BOLIVAR,732774,688,CARTAGENA,518,147441,146235
103,05015,856,2082,BOLIVAR,9346,29,CICUCO,21,2988,2938
104,05018,590,1146,BOLIVAR,10304,19,CLEMENCIA,17,1772,1736
105,05016,1001,3612,BOLIVAR,13053,66,CORDOBA,43,4722,4613
106,05028,9966,16478,BOLIVAR,93554,206,MAGANGUE,261,26911,26444
107,05031,1222,2819,BOLIVAR,19421,48,MAHATES,32,4121,4041
108,05037,919,1361,BOLIVAR,8814,33,MARGARITA,13,2326,2280
109,05043,3036,5198,BOLIVAR,34934,59,MOMPOS,68,8361,8234
110,05041,395,1652,BOLIVAR,8357,35,MONTECRISTO,17,2099,2047
111,05044,2206,1936,BOLIVAR,10842,34,MORALES,39,4215,4142
112,05050,177,969,BOLIVAR,3698,9,NOROSI,14,1169,1146
113,05059,1885,2973,BOLIVAR,16205,49,PINILLOS,41,4948,4858
114,05063,323,1092,BOLIVAR,4492,4,REGIDOR,18,1437,1415
115,05065,639,1488,BOLIVAR,5875,20,RIOVIEJO,30,2177,2127
116,05097,1783,1753,BOLIVAR,11953,43,SIMITI,73,3652,3536
117,05106,324,1888,BOLIVAR,7990,10,SOPLAVIENTO,20,2242,2212
118,05118,3957,5927,BOLIVAR,58808,29,TURBACO,41,9954,9884
119,05121,781,1728,BOLIVAR,13769,17,TURBANA,17,2543,2509
120,05124,763,1181,BOLIVAR,15014,16,VILLANUEVA,14,1974,1944
121,05127,507,3140,BOLIVAR,8695,34,ZAMBRANO,46,3727,3647
122,50073,7,17,GUAINIA,338,0,CACAHUAL,1,25,24
123,50001,2436,2663,GUAINIA,19789,45,INIRIDA,50,5194,5099
124,50050,4,45,GUAINIA,579,0,MAPIRIPANA,0,49,49
125,60001,4463,4403,AMAZONAS,34592,40,LETICIA,84,8990,8866
126,60022,68,265,AMAZONAS,1304,7,TARAPACA,4,344,333
127,26001,59049,43835,QUINDIO,247873,913,ARMENIA,1205,105002,102884
128,26005,564,441,QUINDIO,2857,6,BUENAVISTA,17,1028,1005
129,26010,14557,8767,QUINDIO,58297,262,CALARCA,377,23963,23324
130,26020,5837,3343,QUINDIO,21943,53,CIRCASIA,131,9364,9180
131,26025,1028,872,QUINDIO,5090,25,CORDOBA,35,1960,1900
132,26030,2627,1522,QUINDIO,10343,39,FILANDIA,68,4256,4149
133,26040,1739,987,QUINDIO,7384,29,GENOVA,55,2810,2726
134,26060,8140,3398,QUINDIO,33103,108,MONTENEGRO,227,11873,11538
135,26070,1523,815,QUINDIO,6022,13,PIJAO,34,2385,2338
136,26080,7156,4528,QUINDIO,29792,211,QUIMBAYA,154,12049,11684
137,26090,1666,853,QUINDIO,5762,27,SALENTO,32,2578,2519
138,03004,3416,8936,ATLANTICO,45824,139,BARANOA,58,12549,12352
139,03001,108178,146039,ATLANTICO,1029268,1047,BARRANQUILLA,1111,256375,254217
140,03010,906,2078,ATLANTICO,11294,25,CANDELARIA,25,3034,2984
141,03013,3176,5186,ATLANTICO,34607,28,GALAPA,74,8464,8362
142,03019,1246,2265,ATLANTICO,23080,28,LURUACO,25,3564,3511
143,03022,6908,8810,ATLANTICO,74964,45,MALAMBO,94,15857,15718
144,03025,317,1660,ATLANTICO,13416,8,MANATI,10,1995,1977
145,03031,391,1118,ATLANTICO,5409,13,PIOJO,15,1537,1509
146,03034,639,2746,ATLANTICO,12246,23,POLONUEVO,29,3437,3385
147,03035,1421,2445,ATLANTICO,17776,23,PONEDERA,20,3909,3866
148,03040,829,3325,ATLANTICO,18423,35,REPELON,24,4213,4154
149,03043,1835,3251,ATLANTICO,22784,17,SABANAGRANDE,29,5132,5086
150,03046,4663,12851,ATLANTICO,64908,421,SABANALARGA,142,18077,17514
151,03052,23487,33765,ATLANTICO,264289,226,SOLEDAD,307,57785,57252
152,03055,585,1837,ATLANTICO,9555,3,SUAN,3,2428,2422
153,03058,898,1888,ATLANTICO,9481,17,TUBARA,16,2819,2786
154,03061,489,1677,ATLANTICO,7497,14,USIACURI,15,2195,2166
155,25004,4149,2095,NORTE DE SANTANDER,21133,56,ABREGO,77,6377,6244
156,25007,2078,907,NORTE DE SANTANDER,6826,53,ARBOLEDAS,58,3096,2985
157,25010,1786,1080,NORTE DE SANTANDER,6046,25,BOCHALEMA,50,2941,2866
158,25013,985,413,NORTE DE SANTANDER,4108,30,BUCARASICA,70,1498,1398
159,25019,2060,531,NORTE DE SANTANDER,6959,15,CACHIRA,28,2634,2591
160,25016,432,413,NORTE DE SANTANDER,2156,4,CACOTA,24,873,845
161,25028,3351,1983,NORTE DE SANTANDER,11426,29,CHINACOTA,90,5453,5334
162,25031,1729,1056,NORTE DE SANTANDER,7562,45,CHITAGA,78,2908,2785
163,25022,1411,2101,NORTE DE SANTANDER,14827,83,CONVENCION,137,3732,3512
164,25001,157742,83572,NORTE DE SANTANDER,542712,1325,CUCUTA,3088,245727,241314
165,25025,1850,938,NORTE DE SANTANDER,6168,79,CUCUTILLA,72,2939,2788
166,25034,885,1003,NORTE DE SANTANDER,4279,13,DURANIA,32,1933,1888
167,25040,1253,632,NORTE DE SANTANDER,4850,23,GRAMALOTE,38,1946,1885
168,25043,184,1562,NORTE DE SANTANDER,6906,34,HACARI,59,1839,1746
169,25046,769,377,NORTE DE SANTANDER,3574,18,HERRAN,28,1192,1146
170,25049,782,877,NORTE DE SANTANDER,4905,18,LABATECA,32,1709,1659
171,25055,904,317,NORTE DE SANTANDER,3214,25,LOURDES,53,1299,1221
172,25058,605,499,NORTE DE SANTANDER,2664,9,MUTISCUA,21,1134,1104
173,25061,16720,10753,NORTE DE SANTANDER,76057,126,OCAÑA,378,27977,27473
174,25064,12079,6506,NORTE DE SANTANDER,43064,85,PAMPLONA,293,18963,18585
175,25067,1178,577,NORTE DE SANTANDER,3796,41,PAMPLONITA,46,1842,1755
176,25070,1266,422,NORTE DE SANTANDER,6440,17,RAGONVALIA,23,1728,1688
177,25073,2029,974,NORTE DE SANTANDER,7487,47,SALAZAR,106,3156,3003
178,25082,779,642,NORTE DE SANTANDER,3311,8,SANTIAGO,30,1459,1421
179,25085,3725,1991,NORTE DE SANTANDER,17063,78,SARDINATA,119,5913,5716
180,25088,1100,259,NORTE DE SANTANDER,3968,15,SILOS,18,1392,1359
181,25091,380,2429,NORTE DE SANTANDER,9725,45,TEORAMA,99,2953,2809
182,25093,3008,5847,NORTE DE SANTANDER,31208,99,TIBU,228,9182,8855
183,25094,2803,1311,NORTE DE SANTANDER,12026,61,TOLEDO,135,4310,4114
184,13004,2882,4178,CORDOBA,32199,76,AYAPEL,81,7217,7060
185,13007,1541,4048,CORDOBA,17581,46,BUENAVISTA,61,5696,5589
186,13009,777,2640,CORDOBA,16098,31,CANALETE,20,3468,3417
187,13010,11179,11746,CORDOBA,71178,104,CERETE,256,23285,22925
188,13016,1091,2825,CORDOBA,12752,27,CHIMA,27,3970,3916
189,13019,6345,6434,CORDOBA,35501,273,CHINU,174,13226,12779
190,13022,8386,17559,CORDOBA,84539,167,LORICA,266,26378,25945
191,13024,1340,2830,CORDOBA,12929,25,MOMIL,25,4220,4170
192,13025,7643,10631,CORDOBA,55017,155,MONTELIBANO,340,18769,18274
193,13001,47850,44207,CORDOBA,302825,427,MONTERIA,781,93265,92057
194,13027,1090,4230,CORDOBA,18119,51,MOÑITOS,65,5436,5320
195,13034,1778,1972,CORDOBA,13416,116,PURISIMA,38,3904,3750
196,13037,9762,16501,CORDOBA,78125,277,SAHAGUN,284,26824,26263
197,13058,5452,12579,CORDOBA,60877,323,TIERRALTA,311,18665,18031
198,13060,2467,5273,CORDOBA,21288,281,TUCHIN,197,8218,7740
199,13061,2089,4581,CORDOBA,25119,90,VALENCIA,91,6851,6670
200,68004,76,382,VAUPES,1721,0,CARURU,7,465,458
201,68001,872,2705,VAUPES,15576,20,MITU,30,3627,3577
202,68017,65,243,VAUPES,1377,36,TARAIRA,1,345,308
203,68022,37,278,VAUPES,1035,1,YAVARATE,0,316,315
204,56004,216,974,SAN ANDRES,4017,16,PROVIDENCIA,4,1210,1190
205,48002,1655,2333,LA GUAJIRA,16633,87,ALBANIA,64,4139,3988
206,48004,1806,4562,LA GUAJIRA,23913,13,BARRANCAS,73,6454,6368
207,48005,1309,3306,LA GUAJIRA,20549,49,DIBULLA,68,4732,4615
208,48008,892,1587,LA GUAJIRA,8243,12,DISTRACCION,31,2522,2479
209,48007,2463,6402,LA GUAJIRA,25836,40,FONSECA,101,9006,8865
210,48009,1304,2846,LA GUAJIRA,14034,31,HATONUEVO,59,4240,4150
211,48010,9563,10766,LA GUAJIRA,120312,257,MAICAO,187,20773,20329
212,48011,1418,1768,LA GUAJIRA,52567,30,MANAURE,44,3260,3186
213,48001,10092,17613,LA GUAJIRA,111639,287,RIOHACHA,298,28290,27705
214,48016,1658,1713,LA GUAJIRA,101417,19,URIBIA,44,3434,3371
215,48018,1141,2042,LA GUAJIRA,7997,10,URUMITA,32,3225,3183
216,48020,2425,3490,LA GUAJIRA,18149,50,VILLANUEVA,79,6044,5915
217,29004,1005,452,TOLIMA,3725,14,ALPUJARRA,46,1517,1457
218,29007,1415,1312,TOLIMA,8422,24,ALVARADO,36,2787,2727
219,29010,1126,1216,TOLIMA,6922,14,AMBALEMA,47,2403,2342
220,29013,1576,693,TOLIMA,7462,51,ANZOATEGUI,42,2362,2269
221,29019,3451,1658,TOLIMA,14957,75,ATACO,68,5252,5109
222,29022,4084,1823,TOLIMA,16190,54,CAJAMARCA,85,6046,5907
223,29028,953,922,TOLIMA,4940,29,CASABIANCA,22,1926,1875
224,29040,6694,5476,TOLIMA,38101,174,CHAPARRAL,172,12516,12170
225,29031,1157,1488,TOLIMA,7709,22,COELLO,34,2701,2645
226,29034,2081,3404,TOLIMA,17192,119,COYAIMA,81,5685,5485
227,29037,1516,1075,TOLIMA,7208,26,CUNDAY,31,2648,2591
228,29043,1563,1109,TOLIMA,6729,35,DOLORES,52,2759,2672
229,29046,14623,8388,TOLIMA,58148,111,ESPINAL,324,23446,23011
230,29049,995,1147,TOLIMA,5702,36,FALAN,52,2230,2142
231,29052,4194,2373,TOLIMA,17194,38,FLANDES,88,6693,6567
232,29055,5542,2741,TOLIMA,26101,100,FRESNO,183,8566,8283
233,29058,5783,3042,TOLIMA,25766,75,GUAMO,114,9014,8825
234,29061,1128,724,TOLIMA,5922,40,HERVEO,40,1932,1852
235,29064,4788,3549,TOLIMA,23027,62,HONDA,150,8549,8337
236,29001,108879,70780,TOLIMA,392554,656,IBAGUE,2184,182499,179659
237,29067,1335,1498,TOLIMA,8395,30,ICONONZO,49,2912,2833
238,29070,2812,2748,TOLIMA,15269,28,LERIDA,77,5665,5560
239,29073,5238,5158,TOLIMA,32895,145,LIBANO,226,10767,10396
240,29076,6277,4570,TOLIMA,28817,80,MARIQUITA,217,11144,10847
241,29079,7663,3102,TOLIMA,27553,47,MELGAR,130,10942,10765
242,29080,690,409,TOLIMA,3782,14,MURILLO,56,1169,1099
243,29082,2331,2970,TOLIMA,15411,41,NATAGAIMA,78,5420,5301
244,29085,4872,3247,TOLIMA,23729,159,ORTEGA,227,8505,8119
245,29087,1412,1003,TOLIMA,7468,24,PALOCABILDO,49,2488,2415
246,29088,959,974,TOLIMA,5387,10,PIEDRAS,25,1968,1933
247,29089,3081,2818,TOLIMA,19662,108,PLANADAS,198,6205,5899
248,29091,1799,1121,TOLIMA,7933,36,PRADO,43,2999,2920
249,29094,4139,4045,TOLIMA,20186,50,PURIFICACION,105,8339,8184
250,29097,2317,2209,TOLIMA,16033,133,RIOBLANCO,119,4778,4526
251,29100,728,768,TOLIMA,4175,22,RONCESVALLES,48,1566,1496
252,29103,4287,1776,TOLIMA,19506,57,ROVIRA,152,6272,6063
253,29105,2954,1463,TOLIMA,12416,22,SALDAÑA,53,4492,4417
254,29115,1095,700,TOLIMA,4386,3,SUAREZ,15,1813,1795
255,29121,2478,1929,TOLIMA,11721,29,VENADILLO,52,4488,4407
256,29124,1732,605,TOLIMA,7181,43,VILLAHERMOSA,39,2419,2337
257,29127,1070,671,TOLIMA,5204,10,VILLARRICA,42,1793,1741
258,52005,21513,7978,META,56070,130,ACACIAS,663,30284,29491
259,52008,1182,718,META,4569,13,CABUYARO,30,1943,1900
260,52015,1385,602,META,4902,15,CUBARRAL,30,2032,1987
261,52020,5099,2456,META,15494,31,CUMARAL,115,7701,7555
262,52035,12415,7007,META,48638,125,GRANADA,421,19968,19422
263,52040,4078,1316,META,10375,15,GUAMAL,62,5471,5394
264,52042,1636,1287,META,7903,39,LEJANIAS,92,3054,2923
265,52046,505,697,META,5394,12,MAPIRIPAN,33,1247,1202
266,52044,1126,1843,META,7585,30,MESETAS,46,3045,2969
267,52050,3557,2464,META,14935,23,RESTREPO,60,6104,6021
268,52074,140,2036,META,4724,24,URIBE,14,2214,2176
269,52001,100830,56633,META,343296,400,VILLAVICENCIO,1757,159620,157463
270,24008,2404,1265,RISARALDA,10487,47,APIA,84,3800,3669
271,24013,1074,891,RISARALDA,5565,23,BALBOA,44,2032,1965
272,24025,37995,28055,RISARALDA,154003,364,DOSQUEBRADAS,1044,67458,66050
273,24029,2443,1240,RISARALDA,10351,45,GUATICA,67,3795,3683
274,24054,3350,2067,RISARALDA,15561,88,MARSELLA,97,5602,5417
275,24062,1716,1926,RISARALDA,11096,58,MISTRATO,65,3765,3642
276,24001,87598,75063,RISARALDA,393135,836,PEREIRA,2278,165775,162661
277,24078,3734,4144,RISARALDA,19821,184,QUINCHIA,259,8321,7878
278,24094,2113,1473,RISARALDA,12258,70,SANTUARIO,119,3775,3586
279,27004,182,165,SANTANDER,1524,8,AGUADA,6,361,347
280,27007,508,656,SANTANDER,3290,21,ALBANIA,15,1200,1164
281,27010,1251,1328,SANTANDER,6477,50,ARATOCA,51,2680,2579
282,27013,4552,4413,SANTANDER,24199,64,BARBOSA,162,9191,8965
283,27016,1085,1452,SANTANDER,6261,20,BARICHARA,51,2608,2537
284,27019,37440,38260,SANTANDER,167609,402,BARRANCABERMEJA,1153,77255,75700
285,27022,833,620,SANTANDER,3989,11,BETULIA,39,1503,1453
286,27025,1271,1400,SANTANDER,8280,76,BOLIVAR,98,2845,2671
287,27001,122985,100143,SANTANDER,495063,457,BUCARAMANGA,1982,225567,223128
288,27028,232,446,SANTANDER,1644,7,CABRERA,10,695,678
289,27031,532,152,SANTANDER,1676,5,CALIFORNIA,19,708,684
290,27034,1103,672,SANTANDER,4870,33,CAPITANEJO,32,1840,1775
291,27037,1058,509,SANTANDER,3656,23,CARCASI,61,1651,1567
292,27040,318,584,SANTANDER,1771,16,CEPITA,25,943,902
293,27043,1109,949,SANTANDER,4803,37,CERRITO,82,2177,2058
294,27061,1353,2148,SANTANDER,9583,28,CHARALA,53,3582,3501
295,27064,941,372,SANTANDER,3218,8,CHARTA,18,1339,1313
296,27067,299,558,SANTANDER,2338,25,CHIMA,31,913,857
297,27070,273,687,SANTANDER,4142,17,CHIPATA,12,989,960
298,27045,5480,3718,SANTANDER,28154,79,CIMITARRA,271,9548,9198
299,27046,1015,642,SANTANDER,4893,165,CONCEPCION,62,1884,1657
300,27049,524,321,SANTANDER,2348,6,CONFINES,14,865,845
301,27052,554,762,SANTANDER,2920,25,CONTRATACION,30,1371,1316
302,27055,691,795,SANTANDER,4141,41,COROMORO,67,1594,1486
303,27058,1741,1526,SANTANDER,8217,35,CURITI,76,3378,3267
304,27076,244,405,SANTANDER,2123,17,ENCINO,26,692,649
305,27079,702,595,SANTANDER,3267,18,ENCISO,30,1345,1297
306,27080,550,1115,SANTANDER,5159,16,FLORIAN,22,1703,1665
307,27082,50640,36189,SANTANDER,178805,167,FLORIDABLANCA,870,87866,86829
308,27085,603,434,SANTANDER,2536,14,GALAN,31,1082,1037
309,27088,497,603,SANTANDER,3239,16,GAMBITA,19,1135,1100
310,27091,28052,17099,SANTANDER,105643,114,GIRON,549,45814,45151
311,27094,1215,766,SANTANDER,5140,33,GUACA,38,2052,1981
312,27097,908,607,SANTANDER,4334,22,GUADALUPE,30,1567,1515
313,27100,357,381,SANTANDER,1834,9,GUAPOTA,27,774,738
314,27103,495,808,SANTANDER,4470,14,GUAVATA,28,1345,1303
315,27106,548,885,SANTANDER,4173,9,GUEPSA,20,1462,1433
316,27109,310,464,SANTANDER,1825,24,HATO,19,817,774
317,27115,191,194,SANTANDER,1107,11,JORDAN,3,399,385
318,27120,1336,1484,SANTANDER,9356,62,LANDAZURI,173,3055,2820
319,27121,8738,3857,SANTANDER,29381,61,LEBRIJA,175,12831,12595
320,27127,347,456,SANTANDER,2244,16,MACARAVITA,21,840,803
321,27130,4086,2538,SANTANDER,15663,39,MALAGA,178,6841,6624
322,27133,1334,866,SANTANDER,4853,17,MATANZA,39,2256,2200
323,27136,1501,1165,SANTANDER,7512,60,MOGOTES,128,2854,2666
324,27139,830,531,SANTANDER,3592,34,MOLAGAVITA,38,1433,1361
325,27142,489,1129,SANTANDER,3773,17,OCAMONTE,35,1670,1618
326,27145,1931,1543,SANTANDER,8450,29,OIBA,79,3582,3474
327,27148,554,634,SANTANDER,3795,47,ONZAGA,41,1276,1188
328,27151,183,397,SANTANDER,1353,8,PALMAR,6,594,580
329,27157,754,791,SANTANDER,3201,8,PARAMO,33,1586,1545
330,27160,28817,19145,SANTANDER,100462,340,PIEDECUESTA,739,49041,47962
331,27163,577,742,SANTANDER,3181,13,PINCHOTE,25,1357,1319
332,27172,5347,2675,SANTANDER,22075,95,RIONEGRO,179,8296,8022
333,27196,970,1237,SANTANDER,5898,17,SIMACOTA,66,2290,2207
334,27199,5049,4348,SANTANDER,23774,36,SOCORRO,123,9556,9397
335,27202,1189,1395,SANTANDER,8256,29,SUAITA,65,2678,2584
336,27205,1104,698,SANTANDER,5837,28,SUCRE,28,1858,1802
337,27208,805,478,SANTANDER,3016,20,SURATA,40,1343,1283
338,27211,1149,808,SANTANDER,4950,16,TONA,66,2039,1957
339,27220,2742,3254,SANTANDER,16435,37,VELEZ,160,6193,5996
340,27219,476,92,SANTANDER,1466,2,VETAS,10,580,568
341,27221,1427,912,SANTANDER,6336,16,VILLANUEVA,34,2389,2339
342,27223,1563,984,SANTANDER,7366,22,ZAPATOCA,51,2620,2547
343,11004,570,2874,CAUCA,12511,85,ALMAGUER,169,3698,3444
344,11005,751,5807,CAUCA,17783,97,ARGELIA,175,6830,6558
345,11006,731,4425,CAUCA,15693,107,BALBOA,126,5389,5156
346,11007,2772,5234,CAUCA,31054,163,BOLIVAR,286,8455,8006
347,11013,2002,4922,CAUCA,23310,168,CAJIBIO,138,7230,6924
348,11016,1715,6792,CAUCA,20628,169,CALDONO,267,8943,8507
349,11019,2183,5875,CAUCA,17687,70,CALOTO,166,8294,8058
350,11022,2520,5669,CAUCA,17445,113,CORINTO,187,8489,8189
351,11027,520,1530,CAUCA,4576,37,FLORENCIA,64,2151,2050
352,11029,1663,4160,CAUCA,12259,65,GUACHENE,202,6090,5823
353,11028,415,5596,CAUCA,19182,83,GUAPI,78,6172,6011
354,11031,1177,3318,CAUCA,16634,80,INZA,74,4649,4495
355,11034,520,3270,CAUCA,8072,66,JAMBALO,89,3945,3790
356,11046,960,3135,CAUCA,13882,99,MERCADERES,77,4271,4095
357,11049,3379,5933,CAUCA,18593,58,MIRANDA,166,9536,9312
358,11052,2412,3764,CAUCA,18642,211,MORALES,225,6612,6176
359,11053,752,2258,CAUCA,6631,35,PADILLA,104,3149,3010
360,11060,492,996,CAUCA,5010,29,PIAMONTE,31,1548,1488
361,11061,4240,4840,CAUCA,26554,153,PIENDAMO,149,9382,9080
362,11001,38628,55296,CAUCA,225161,525,POPAYAN,1229,95678,93924
363,11070,1211,1794,CAUCA,8645,83,ROSAS,90,3178,3005
364,11082,1804,5792,CAUCA,21970,191,SILVIA,193,7980,7596
365,11087,1912,3890,CAUCA,15860,143,SUAREZ,215,6160,5802
366,11086,304,1418,CAUCA,5460,37,SUCRE,31,1790,1722
367,11088,4057,5047,CAUCA,24676,119,TIMBIO,191,9414,9104
368,11091,370,5885,CAUCA,14326,29,TIMBIQUI,64,6348,6255
369,11094,1171,6535,CAUCA,16666,349,TORIBIO,165,8220,7706
370,11097,884,2615,CAUCA,10804,47,TOTORO,57,3603,3499
371,64007,804,1072,PUTUMAYO,4244,17,COLON,19,1912,1876
372,64001,5105,7718,PUTUMAYO,35245,84,MOCOA,159,13066,12823
373,64023,1820,6165,PUTUMAYO,25937,86,ORITO,155,8226,7985
374,64016,881,1359,PUTUMAYO,5929,32,SANTIAGO,48,2320,2240
375,64019,1783,2499,PUTUMAYO,10309,75,SIBUNDOY,77,4434,4282
376,64030,2757,2869,PUTUMAYO,15777,54,VILLAGARZON,114,5794,5626
377,17004,485,1568,CHOCO,8345,33,ACANDI,19,2105,2053
378,17007,196,2264,CHOCO,8376,12,BAGADO,46,2518,2460
379,17014,382,1238,CHOCO,4109,2,CERTEGUI,87,1709,1620
380,17013,863,2296,CHOCO,10526,45,CONDOTO,140,3344,3159
381,17019,1679,3990,CHOCO,21319,88,ISTMINA,155,5912,5669
382,17022,144,580,CHOCO,3049,13,JURADO,7,744,724
383,17025,435,2128,CHOCO,7605,40,LLORO,63,2666,2563
384,17028,423,1212,CHOCO,5232,30,NOVITA,74,1739,1635
385,17031,103,1416,CHOCO,5413,12,NUQUI,12,1543,1519
386,17001,7159,20260,CHOCO,80380,308,QUIBDO,795,28522,27419
387,17034,345,3462,CHOCO,13524,36,RIOSUCIO,36,3879,3807
388,17040,88,618,CHOCO,2467,17,SIPI,26,749,706
389,17043,1238,2830,CHOCO,12777,56,TADO,157,4281,4068
390,17048,736,1426,CHOCO,8348,26,UNGUIA,16,2204,2162
391,09004,4766,1961,CALDAS,18854,134,AGUADAS,174,7035,6727
392,09007,7430,3356,CALDAS,27896,153,ANSERMA,270,11209,10786
393,09013,2409,1573,CALDAS,11540,86,ARANZAZU,123,4191,3982
394,09022,2105,1514,CALDAS,10118,219,BELALCAZAR,52,3890,3619
395,09034,10543,6185,CALDAS,43763,162,CHINCHINA,315,17205,16728
396,09037,1783,1365,CALDAS,9343,71,FILADELFIA,62,3281,3148
397,09001,76961,74140,CALDAS,323102,734,MANIZALES,2505,154340,151101
398,09055,3146,1773,CALDAS,15465,82,MANZANARES,91,5092,4919
399,09058,1133,514,CALDAS,6840,23,MARMATO,41,1711,1647
400,09061,2427,1452,CALDAS,11445,101,MARQUETALIA,93,4073,3879
401,09067,391,387,CALDAS,2658,21,MARULANDA,32,831,778
402,09076,4191,2283,CALDAS,19307,101,NEIRA,168,6743,6474
403,09078,1179,906,CALDAS,5865,36,NORCASIA,51,2172,2085
404,09079,2727,1548,CALDAS,12064,62,PACORA,76,4413,4275
405,09082,2513,1867,CALDAS,14755,34,PALESTINA,51,4465,4380
406,09085,3959,1880,CALDAS,16734,198,PENSILVANIA,191,6228,5839
407,09103,8402,6070,CALDAS,37633,205,RIOSUCIO,399,15076,14472
408,09106,2021,959,CALDAS,10761,35,RISARALDA,49,3064,2980
409,09109,3021,2096,CALDAS,15660,173,SALAMINA,86,5376,5117
410,09115,3513,2814,CALDAS,16191,156,SAMANA,209,6692,6327
411,09124,4985,2408,CALDAS,21254,141,SUPIA,349,7883,7393
412,09127,1735,1249,CALDAS,8262,44,VICTORIA,51,3079,2984
413,09130,9806,7470,CALDAS,37945,130,VILLAMARIA,330,17736,17276
414,09133,3737,1373,CALDAS,12839,38,VITERBO,56,5204,5110
415,46040,9666,4123,CASANARE,26606,96,AGUAZUL,599,14484,13789
416,46120,271,663,CASANARE,1551,9,CHAMEZA,25,968,934
417,46520,3265,1459,CASANARE,10075,40,MANI,86,4850,4724
418,46540,3998,1639,CASANARE,11103,38,MONTERREY,87,5762,5637
419,46560,2272,579,CASANARE,6023,41,NUNCHIA,67,2959,2851
420,46640,1800,1182,CASANARE,7605,30,OROCUE,61,3073,2982
421,46700,2684,662,CASANARE,6622,34,PORE,91,3471,3346
422,46760,305,337,CASANARE,1260,20,RECETOR,43,705,642
423,46800,664,680,CASANARE,2758,13,SABANALARGA,30,1387,1344
424,46815,97,563,CASANARE,1537,14,SACAMA,77,751,660
425,46840,1350,528,CASANARE,4325,45,TAMARA,42,1965,1878
426,46850,6037,2209,CASANARE,15751,60,TAURAMENA,139,8445,8246
427,46865,2966,735,CASANARE,9211,42,TRINIDAD,87,3830,3701
428,46880,5625,2425,CASANARE,19519,59,VILLANUEVA,173,8282,8050
429,46001,36503,14561,CASANARE,102568,229,YOPAL,858,52151,51064
430,28010,993,2187,SUCRE,9619,48,BUENAVISTA,22,3250,3180
431,28020,623,2126,SUCRE,8757,41,CAIMITO,24,2814,2749
432,28045,466,869,SUCRE,4403,40,CHALAN,19,1394,1335
433,28040,6973,10907,SUCRE,45886,120,COROZAL,206,18206,17880
434,28041,1915,1918,SUCRE,10921,24,COVEÑAS,41,3898,3833
435,28049,1701,1811,SUCRE,12792,24,GUARANDA,48,3584,3512
436,28060,2857,3935,SUCRE,26077,85,MAJAGUAL,52,6929,6792
437,28080,1753,3322,SUCRE,12813,46,MORROA,101,5222,5075
438,28100,2019,5328,SUCRE,20135,65,OVEJAS,58,7470,7347
439,28120,1011,2323,SUCRE,9642,31,PALMITO,29,3394,3334
440,28160,4596,6816,SUCRE,30974,126,SAMPUES,170,11708,11412
441,28260,3493,5470,SUCRE,25579,82,SINCE,112,9157,8963
442,28001,31435,37461,SUCRE,195898,722,SINCELEJO,771,70389,68896
443,28280,2459,3100,SUCRE,20688,59,SUCRE,52,5670,5559
444,28300,2300,5427,SUCRE,22816,54,TOLU,89,7870,7727
445,28320,2060,5227,SUCRE,17811,74,TOLUVIEJO,63,7424,7287
446,40001,15191,8159,ARAUCA,67929,139,ARAUCA,447,23936,23350
447,40010,2289,7440,ARAUCA,27274,150,ARAUQUITA,234,10113,9729
448,40017,1063,2338,ARAUCA,10912,58,FORTUL,187,3646,3401
449,40025,5168,4457,ARAUCA,31702,131,SARAVENA,335,10091,9625
450,40005,5267,5407,ARAUCA,31607,131,TAME,263,11068,10674
451,16ZZZ,1114933,1423612,BOGOTA D.C.,5547172,6601,BOGOTA D.C.,25213,2570359,2538545
452,21008,467,1525,MAGDALENA,9422,21,ALGARROBO,28,2041,1992
453,21010,555,962,MAGDALENA,26547,8,ARACATACA,25,1550,1517
454,21015,728,2827,MAGDALENA,13108,25,CHIVOLO,39,3619,3555
455,21016,8670,8629,MAGDALENA,81617,388,CIENAGA,117,17804,17299
456,21020,341,2251,MAGDALENA,10564,15,CONCORDIA,16,2623,2592
457,21031,4308,4609,MAGDALENA,51126,35,FUNDACION,97,9049,8917
458,21040,1643,2989,MAGDALENA,22148,47,GUAMAL,36,4715,4632
459,21046,552,1340,MAGDALENA,8926,20,PEDRAZA,14,1926,1892
460,21049,933,6313,MAGDALENA,28335,48,PIVIJAY,84,7378,7246
461,21052,3303,6312,MAGDALENA,39220,92,PLATO,98,9805,9615
462,21055,1920,1957,MAGDALENA,20274,108,PUEBLOVIEJO,37,4022,3877
463,21058,200,1716,MAGDALENA,7037,12,REMOLINO,15,1943,1916
464,21067,557,738,MAGDALENA,7454,8,SALAMINA,10,1313,1295
465,21079,764,1649,MAGDALENA,17808,88,SITIONUEVO,19,2520,2413
466,21085,438,2469,MAGDALENA,9842,28,TENERIFE,39,2974,2907
467,21090,489,2119,MAGDALENA,7739,19,ZAPAYAN,21,2648,2608
468,23007,1268,1298,NARIÑO,5756,38,ALDANA,52,2656,2566
469,23010,631,1683,NARIÑO,7235,32,ANCUYA,35,2381,2314
470,23016,1063,3159,NARIÑO,20859,76,BARBACOAS,63,4361,4222
471,23017,934,1418,NARIÑO,5328,35,BELEN,32,2419,2352
472,23019,2914,2921,NARIÑO,16930,85,BUESACO,109,6029,5835
473,23038,1427,2377,NARIÑO,9510,43,CHACHAGUI,50,3897,3804
474,23025,1434,1969,NARIÑO,8497,55,CONSACA,83,3541,3403
475,23028,903,1036,NARIÑO,5544,23,CONTADERO,25,1987,1939
476,23031,1301,2138,NARIÑO,10104,72,CORDOBA,53,3564,3439
477,23037,3085,5421,NARIÑO,23407,131,CUMBAL,216,8853,8506
478,23039,299,2119,NARIÑO,6203,19,CUMBITARA,25,2462,2418
479,23049,737,1575,NARIÑO,5549,38,FUNES,31,2381,2312
480,23052,1938,2511,NARIÑO,14068,54,GUACHUCAL,78,4581,4449
481,23055,800,2255,NARIÑO,10811,51,GUAITARILLA,47,3153,3055
482,23058,932,1404,NARIÑO,5077,15,GUALMATAN,32,2383,2336
483,23061,857,1430,NARIÑO,6900,37,ILES,45,2369,2287
484,23064,912,1156,NARIÑO,6314,33,IMUES,28,2129,2068
485,23067,15842,15864,NARIÑO,92217,617,IPIALES,503,32826,31706
486,23080,277,2605,NARIÑO,7254,47,LEIVA,44,2973,2882
487,23082,452,3047,NARIÑO,8485,69,LINARES,64,3632,3499
488,23094,224,1975,NARIÑO,5897,13,MOSQUERA,22,2234,2199
489,23096,649,988,NARIÑO,4120,15,NARIÑO,21,1673,1637
490,23097,637,1102,NARIÑO,5668,38,OSPINA,26,1803,1739
491,23001,41981,70354,NARIÑO,279784,501,PASTO,1505,114341,112335
492,23098,461,3690,NARIÑO,9537,55,POLICARPA,51,4257,4151
493,23100,1809,1590,NARIÑO,9425,48,POTOSI,63,3510,3399
494,23101,228,1586,NARIÑO,4259,50,PROVIDENCIA,26,1890,1814
495,23103,997,2191,NARIÑO,7410,34,PUERRES,70,3292,3188
496,23106,3010,2820,NARIÑO,14600,63,PUPIALES,140,6033,5830
497,23109,974,1947,NARIÑO,13557,79,RICAURTE,48,3048,2921
498,23115,1359,7072,NARIÑO,22140,69,SAMANIEGO,166,8666,8431
499,23118,2346,4208,NARIÑO,15906,107,SANDONA,112,6773,6554
500,23130,715,1089,NARIÑO,5628,21,SAPUYES,32,1857,1804
501,23133,1028,3792,NARIÑO,13578,100,TAMINANGO,94,5014,4820
502,23136,1467,1659,NARIÑO,9879,26,TANGUA,46,3198,3126
503,23139,9520,23534,NARIÑO,121788,503,TUMACO,709,34266,33054
504,23142,3521,6384,NARIÑO,34090,147,TUQUERRES,268,10320,9905
505,23145,1034,2169,NARIÑO,8133,61,YACUANQUER,88,3352,3203
506,15007,1086,693,CUNDINAMARCA,5069,8,ALBAN,33,1820,1779
507,15010,2466,2008,CUNDINAMARCA,11225,17,ANAPOIMA,40,4531,4474
508,15013,2461,1698,CUNDINAMARCA,11234,36,ANOLAIMA,46,4241,4159
509,15217,1315,1323,CUNDINAMARCA,6824,16,APULO,35,2689,2638
510,15016,2349,1496,CUNDINAMARCA,8852,26,ARBELAEZ,45,3916,3845
511,15019,325,321,CUNDINAMARCA,1987,9,BELTRAN,6,661,646
512,15022,396,454,CUNDINAMARCA,2823,13,BITUIMA,8,871,850
513,15025,1875,1241,CUNDINAMARCA,5893,16,BOJACA,76,3208,3116
514,15029,346,991,CUNDINAMARCA,3457,19,CABRERA,79,1435,1337
515,15030,1756,1686,CUNDINAMARCA,8749,22,CACHIPAY,41,3505,3442
516,15031,10722,9016,CUNDINAMARCA,38304,49,CAJICA,275,20062,19738
517,15034,2076,1170,CUNDINAMARCA,10164,57,CAPARRAPI,74,3377,3246
518,15037,3393,2001,CUNDINAMARCA,14339,22,CAQUEZA,109,5525,5394
519,15052,721,740,CUNDINAMARCA,3664,23,CHAGUANI,19,1503,1461
520,15055,21715,21717,CUNDINAMARCA,83132,84,CHIA,424,43940,43432
521,15058,1985,892,CUNDINAMARCA,7434,8,CHIPAQUE,43,2928,2877
522,15061,3042,1573,CUNDINAMARCA,11254,28,CHOACHI,70,4713,4615
523,15064,3578,2041,CUNDINAMARCA,14326,45,CHOCONTA,110,5774,5619
524,15043,3935,2684,CUNDINAMARCA,12927,19,COGUA,128,6766,6619
525,15046,5388,4585,CUNDINAMARCA,22995,25,COTA,98,10096,9973
526,15049,1371,728,CUNDINAMARCA,4708,13,CUCUNUBA,49,2161,2099
527,15076,26978,18839,CUNDINAMARCA,87088,109,FACATATIVA,1056,46982,45817
528,15079,2777,1126,CUNDINAMARCA,9437,25,FOMEQUE,38,3966,3903
529,15085,1565,438,CUNDINAMARCA,5483,8,FOSCA,11,2022,2003
530,15088,17147,13403,CUNDINAMARCA,60731,56,FUNZA,534,31140,30550
531,15091,828,773,CUNDINAMARCA,3913,12,FUQUENE,33,1646,1601
532,15094,23323,17890,CUNDINAMARCA,96948,155,FUSAGASUGA,573,41941,41213
533,15097,793,736,CUNDINAMARCA,5230,21,GACHALA,43,1593,1529
534,15100,2816,1718,CUNDINAMARCA,9080,44,GACHANCIPA,113,4691,4534
535,15103,2036,1070,CUNDINAMARCA,9217,32,GACHETA,55,3193,3106
536,15106,609,540,CUNDINAMARCA,3103,24,GAMA,18,1191,1149
537,15109,20971,12251,CUNDINAMARCA,81967,83,GIRARDOT,334,33639,33222
538,15132,1171,1022,CUNDINAMARCA,5571,15,GRANADA,39,2247,2193
539,15112,2003,1424,CUNDINAMARCA,8587,36,GUACHETA,103,3566,3427
540,15115,4854,3388,CUNDINAMARCA,22188,79,GUADUAS,181,8502,8242
541,15118,2836,1555,CUNDINAMARCA,10241,21,GUASCA,60,4472,4391
542,15121,307,402,CUNDINAMARCA,2205,10,GUATAQUI,13,732,709
543,15124,1279,811,CUNDINAMARCA,4945,14,GUATAVITA,32,2136,2090
544,15128,1470,513,CUNDINAMARCA,4467,9,GUAYABETAL,36,2028,1983
545,15130,831,480,CUNDINAMARCA,2691,5,GUTIERREZ,27,1343,1311
546,15133,391,474,CUNDINAMARCA,2700,16,JERUSALEN,7,888,865
547,15136,1023,694,CUNDINAMARCA,5524,13,JUNIN,39,1769,1717
548,15154,1532,1011,CUNDINAMARCA,6966,16,LENGUAZAQUE,77,2636,2543
549,15157,1008,762,CUNDINAMARCA,6109,20,MACHETA,35,1825,1770
550,15160,17404,10555,CUNDINAMARCA,54897,95,MADRID,641,28695,27959
551,15163,840,848,CUNDINAMARCA,4110,17,MANTA,34,1739,1688
552,15166,1899,1042,CUNDINAMARCA,6771,39,MEDINA,54,3034,2941
553,15169,16521,13047,CUNDINAMARCA,57821,86,MOSQUERA,448,30102,29568
554,15172,388,353,CUNDINAMARCA,2535,3,NARIÑO,4,748,741
555,15175,2758,1603,CUNDINAMARCA,8960,35,NEMOCON,90,4486,4361
556,15178,1107,1397,CUNDINAMARCA,6256,9,NILO,18,2531,2504
557,15181,750,540,CUNDINAMARCA,3153,12,NIMAIMA,24,1326,1290
558,15184,886,1252,CUNDINAMARCA,5169,13,NOCAIMA,40,2191,2138
559,15190,3959,3726,CUNDINAMARCA,20502,76,PACHO,143,7904,7685
560,15193,692,766,CUNDINAMARCA,4564,19,PAIME,22,1499,1458
561,15196,638,741,CUNDINAMARCA,4122,9,PANDI,23,1411,1379
562,15199,1176,1567,CUNDINAMARCA,7605,20,PASCA,64,2827,2743
563,15205,466,437,CUNDINAMARCA,2856,11,PULI,24,938,903
564,15208,1137,480,CUNDINAMARCA,3996,13,QUEBRADANEGRA,21,1651,1617
565,15211,1551,741,CUNDINAMARCA,5408,7,QUETAME,53,2352,2292
566,15214,1302,745,CUNDINAMARCA,6135,22,QUIPILE,26,2095,2047
567,15218,2076,1688,CUNDINAMARCA,10455,14,RICAURTE,17,3795,3764
568,15235,2130,1137,CUNDINAMARCA,8594,18,SASAIMA,35,3320,3267
569,15238,2266,1488,CUNDINAMARCA,7764,17,SESQUILE,109,3880,3754
570,15239,6222,4132,CUNDINAMARCA,24060,45,SIBATE,179,10578,10354
571,15241,3323,3045,CUNDINAMARCA,16551,44,SILVANIA,68,6480,6368
572,15244,2097,1179,CUNDINAMARCA,8608,26,SIMIJACA,65,3367,3276
573,15247,46767,42449,CUNDINAMARCA,201745,289,SOACHA,1464,90969,89216
574,15250,4500,4579,CUNDINAMARCA,16285,27,SOPO,137,9243,9079
575,15256,4070,1838,CUNDINAMARCA,11191,21,SUBACHOQUE,90,6019,5908
576,15259,2620,1956,CUNDINAMARCA,9730,24,SUESCA,138,4738,4576
577,15262,942,574,CUNDINAMARCA,4154,19,SUPATA,30,1565,1516
578,15265,949,1048,CUNDINAMARCA,5102,21,SUSA,76,2094,1997
579,15268,996,563,CUNDINAMARCA,3746,21,SUTATAUSA,35,1615,1559
580,15271,3983,3249,CUNDINAMARCA,14659,20,TABIO,134,7386,7232
581,15274,1886,737,CUNDINAMARCA,5720,19,TAUSA,63,2705,2623
582,15277,1028,1238,CUNDINAMARCA,6197,19,TENA,23,2308,2266
583,15280,3968,2903,CUNDINAMARCA,14029,20,TENJO,93,6984,6871
584,15283,681,778,CUNDINAMARCA,3706,29,TIBACUY,20,1508,1459
585,15286,357,667,CUNDINAMARCA,3018,31,TIBIRITA,9,1064,1024
586,15289,2249,2351,CUNDINAMARCA,12896,20,TOCAIMA,60,4680,4600
587,15292,6865,4971,CUNDINAMARCA,24441,43,TOCANCIPA,320,12199,11836
588,15295,656,825,CUNDINAMARCA,4060,27,TOPAIPI,38,1546,1481
589,15298,1541,1082,CUNDINAMARCA,8478,35,UBALA,69,2727,2623
590,15301,1197,915,CUNDINAMARCA,5660,25,UBAQUE,45,2182,2112
591,15304,7985,4922,CUNDINAMARCA,30807,66,UBATE,274,13247,12907
592,15307,1606,1296,CUNDINAMARCA,6307,15,UNE,37,2954,2902
593,15316,1184,616,CUNDINAMARCA,4700,19,UTICA,18,1837,1800
594,15318,513,677,CUNDINAMARCA,3562,8,VENECIA,15,1213,1190
595,15319,1084,1147,CUNDINAMARCA,7346,45,VERGARA,41,2317,2231
596,15322,673,726,CUNDINAMARCA,3867,14,VIANI,28,1441,1399
597,15323,375,198,CUNDINAMARCA,1915,17,VILLAGOMEZ,17,607,573
598,15325,4039,1661,CUNDINAMARCA,12800,41,VILLAPINZON,89,5830,5700
599,15328,5842,3165,CUNDINAMARCA,21862,49,VILLETA,93,9149,9007
600,15331,2006,1899,CUNDINAMARCA,10358,22,VIOTA,66,3993,3905
601,15334,1772,1339,CUNDINAMARCA,11457,65,YACOPI,51,3227,3111
602,15337,1071,962,CUNDINAMARCA,4091,16,ZIPACON,17,2066,2033
603,15340,21680,20348,CUNDINAMARCA,82209,120,ZIPAQUIRA,807,42955,42028
604,12075,18389,8179,CESAR,65630,138,AGUACHICA,430,27136,26568
605,12170,1793,2004,CESAR,14110,36,ASTREA,40,3873,3797
606,12180,1787,2753,CESAR,14502,44,BECERRIL,58,4642,4540
607,12200,3593,4979,CESAR,26471,100,BOSCONIA,109,8781,8572
608,12300,2834,3327,CESAR,23597,30,CHIMICHAGUA,95,6286,6161
609,12375,2666,3850,CESAR,20688,85,CHIRIGUANA,97,6698,6516
610,12225,2952,4286,CESAR,24745,64,CURUMANI,109,7411,7238
611,12450,1777,1609,CESAR,10255,26,GAMARRA,26,3438,3386
612,12525,560,608,CESAR,3867,25,GONZALEZ,44,1237,1168
613,12650,1943,2874,CESAR,14163,57,PAILITAS,149,5023,4817
614,12700,2410,2222,CESAR,13460,56,PELAYA,106,4794,4632
615,12900,892,1859,CESAR,10017,27,TAMALAMEQUE,60,2838,2751
616,12001,41843,44788,CESAR,279165,379,VALLEDUPAR,898,87908,86631
617,19004,4658,1432,HUILA,18437,45,ACEVEDO,79,6214,6090
618,19007,1849,875,HUILA,6804,26,AGRADO,29,2779,2724
619,19010,2917,2491,HUILA,14967,58,AIPE,71,5537,5408
620,19013,2306,2761,HUILA,14338,75,ALGECIRAS,92,5234,5067
621,19016,561,439,HUILA,2991,5,ALTAMIRA,11,1016,1000
622,19019,1057,1206,HUILA,5983,27,BARAYA,17,2307,2263
623,19022,6134,3811,HUILA,24718,63,CAMPOALEGRE,173,10181,9945
624,19028,1431,952,HUILA,6752,33,COLOMBIA,26,2442,2383
625,19031,682,645,HUILA,3169,14,ELIAS,14,1355,1327
626,19034,12101,6356,HUILA,51641,158,GARZON,287,18902,18457
627,19037,4263,2668,HUILA,18633,65,GIGANTE,188,7184,6931
628,19040,3132,1331,HUILA,12391,35,GUADALUPE,83,4581,4463
629,19043,1250,1005,HUILA,5571,16,HOBO,42,2313,2255
630,19046,1727,1110,HUILA,6862,24,IQUIRA,40,2901,2837
631,19044,5426,2041,HUILA,18179,101,ISNOS,155,7723,7467
632,19050,1124,604,HUILA,4497,22,NATAGA,20,1770,1728
633,19001,58666,49083,HUILA,255422,479,NEIVA,1066,109294,107749
634,19051,2246,847,HUILA,7370,36,OPORAPA,45,3174,3093
635,19052,1522,604,HUILA,4738,22,PAICOL,27,2175,2126
636,19055,4814,2901,HUILA,20533,37,PALERMO,79,7831,7715
637,19056,1876,1146,HUILA,8509,34,PALESTINA,64,3120,3022
638,19058,2565,1016,HUILA,9123,22,PITAL,55,3658,3581
639,19061,19996,10660,HUILA,89760,179,PITALITO,405,31240,30656
640,19064,3446,2919,HUILA,16199,40,RIVERA,90,6495,6365
641,19067,1936,1420,HUILA,8635,38,SALADOBLANCO,53,3447,3356
642,19076,2183,1027,HUILA,11911,41,SUAZA,56,3307,3210
643,19079,3015,1427,HUILA,11492,31,TARQUI,59,4532,4442
644,19082,2120,1899,HUILA,10814,37,TELLO,83,4139,4019
645,19085,1799,738,HUILA,6481,11,TERUEL,36,2584,2537
646,19088,4471,1441,HUILA,15078,64,TIMANA,65,6041,5912
647,19091,1086,1480,HUILA,6524,22,VILLAVIEJA,44,2632,2566
648,19094,1802,1137,HUILA,6750,5,YAGUARA,39,2983,2939
649,07007,327,348,BOYACA,1908,7,ALMEIDA,11,693,675
650,07010,882,773,BOYACA,4570,9,ARCABUCO,54,1718,1655
651,07013,1344,1150,BOYACA,6748,27,BELEN,81,2602,2494
652,07016,181,387,BOYACA,1465,5,BERBEO,15,588,568
653,07019,252,407,BOYACA,1915,7,BETEITIVA,19,685,659
654,07022,1002,798,BOYACA,5162,26,BOAVITA,40,1866,1800
655,07025,432,601,BOYACA,4201,16,BOYACA,24,1073,1033
656,07028,282,471,BOYACA,2098,12,BRICEÑO,7,772,753
657,07031,790,616,BOYACA,4573,25,BUENAVISTA,29,1460,1406
658,07034,183,174,BOYACA,794,6,BUSBANZA,7,370,357
659,07037,453,651,BOYACA,3278,11,CALDAS,24,1139,1104
660,07040,432,507,BOYACA,2508,15,CAMPOHERMOSO,23,977,939
661,07043,595,961,BOYACA,3482,18,CERINZA,54,1628,1556
662,07064,497,421,BOYACA,3131,7,CHINAVITA,17,942,918
663,07067,8619,8110,BOYACA,40893,87,CHIQUINQUIRA,303,17119,16729
664,07068,330,537,BOYACA,4330,18,CHIQUIZA,27,912,867
665,07070,658,672,BOYACA,3519,35,CHISCAS,40,1405,1330
666,07073,1294,861,BOYACA,6331,89,CHITA,75,2319,2155
667,07076,962,644,BOYACA,5445,29,CHITARAQUE,19,1654,1606
668,07077,439,477,BOYACA,2542,7,CHIVATA,7,930,916
669,07078,378,260,BOYACA,1769,10,CHIVOR,8,656,638
670,07046,655,543,BOYACA,3872,19,CIENEGA,16,1233,1198
671,07049,1452,2081,BOYACA,8585,34,COMBITA,86,3653,3533
672,07052,521,779,BOYACA,3278,13,COPER,19,1332,1300
673,07055,511,408,BOYACA,2228,14,CORRALES,22,955,919
674,07058,626,394,BOYACA,3133,44,COVARACHIA,16,1080,1020
675,07059,597,781,BOYACA,5484,23,CUBARA,68,1469,1378
676,07060,543,683,BOYACA,3186,8,CUCAITA,30,1264,1226
677,07061,363,269,BOYACA,1851,2,CUITIVA,19,653,632
678,07079,20787,19535,BOYACA,83354,119,DUITAMA,770,41211,40322
679,07088,758,1317,BOYACA,5680,17,FIRAVITOBA,37,2129,2075
680,07091,799,527,BOYACA,3078,8,FLORESTA,20,1354,1326
681,07094,678,621,BOYACA,3020,19,GACHANTIVA,24,1342,1299
682,07097,825,621,BOYACA,4056,22,GAMEZA,23,1491,1446
683,07100,2485,2534,BOYACA,11845,36,GARAGOA,119,5174,5019
684,07103,479,122,BOYACA,1656,11,GUACAMAYAS,19,631,601
685,07106,1599,1718,BOYACA,8954,24,GUATEQUE,80,3421,3317
686,07109,633,861,BOYACA,3849,14,GUAYATA,22,1530,1494
687,07112,592,556,BOYACA,3033,14,GUICAN,42,1204,1148
688,07118,465,367,BOYACA,2224,12,IZA,13,857,832
689,07121,584,1031,BOYACA,5464,25,JENESANO,33,1673,1615
690,07124,570,359,BOYACA,3218,22,JERICO,23,974,929
691,07127,529,444,BOYACA,2722,13,LABRANZAGRANDE,17,1003,973
692,07142,728,464,BOYACA,3603,19,MACANAL,24,1235,1192
693,07148,459,1371,BOYACA,6271,16,MARIPI,25,1871,1830
694,07151,1233,2330,BOYACA,7568,44,MIRAFLORES,81,3688,3563
695,07154,1258,397,BOYACA,4003,6,MONGUA,25,1686,1655
696,07157,870,530,BOYACA,3643,5,MONGUI,29,1434,1400
697,07160,3016,3257,BOYACA,17452,57,MONIQUIRA,162,6492,6273
698,07161,836,955,BOYACA,4938,14,MOTAVITA,41,1846,1791
699,07163,1470,858,BOYACA,7195,37,MUZO,55,2420,2328
700,07166,2809,2835,BOYACA,11546,11,NOBSA,86,5741,5644
701,07173,492,605,BOYACA,2392,8,OICATA,30,1135,1097
702,07176,1297,1021,BOYACA,6406,23,OTANCHE,28,2369,2318
703,07178,374,370,BOYACA,2001,20,PACHAVITA,15,779,744
704,07179,613,558,BOYACA,2338,14,PAEZ,43,1228,1171
705,07181,4866,6187,BOYACA,24543,59,PAIPA,200,11312,11053
706,07184,399,234,BOYACA,1713,8,PAJARITO,9,650,633
707,07187,335,285,BOYACA,1605,14,PANQUEBA,15,649,620
708,07190,802,1521,BOYACA,6712,37,PAUNA,41,2401,2323
709,07193,383,320,BOYACA,1406,8,PAYA,26,737,703
710,07202,1061,710,BOYACA,6418,15,PESCA,33,1819,1771
711,07205,256,195,BOYACA,1021,9,PISBA,3,463,451
712,07215,1066,637,BOYACA,4928,33,QUIPAMA,32,1768,1703
713,07217,1267,1466,BOYACA,8601,22,RAMIRIQUI,34,2789,2733
714,07220,851,815,BOYACA,4570,20,RAQUIRA,44,1730,1666
715,07223,426,469,BOYACA,2283,17,RONDON,17,929,895
716,07226,1250,2246,BOYACA,9555,56,SABOYA,112,3664,3496
717,07232,624,702,BOYACA,3320,11,SACHICA,13,1350,1326
718,07235,2340,2343,BOYACA,13405,36,SAMACA,130,4849,4683
719,07250,1034,1106,BOYACA,6831,24,SANTANA,34,2198,2140
720,07259,362,373,BOYACA,2398,15,SATIVANORTE,23,773,735
721,07262,174,197,BOYACA,1227,2,SATIVASUR,4,377,371
722,07265,1453,778,BOYACA,6256,25,SIACHOQUE,54,2310,2231
723,07268,1989,1461,BOYACA,7449,37,SOATA,56,3543,3450
724,07274,1160,1138,BOYACA,6151,33,SOCHA,64,2395,2298
725,07271,1214,791,BOYACA,5922,39,SOCOTA,60,2104,2005
726,07277,20865,20261,BOYACA,89443,148,SOGAMOSO,700,41974,41126
727,07280,344,529,BOYACA,2779,8,SOMONDOCO,14,895,873
728,07281,459,686,BOYACA,2528,152,SORA,22,1319,1145
729,07282,1489,740,BOYACA,5229,20,SORACA,24,2273,2229
730,07283,978,1039,BOYACA,5413,14,SOTAQUIRA,39,2070,2017
731,07286,410,701,BOYACA,2580,19,SUSACON,36,1166,1111
732,07289,931,1132,BOYACA,5264,18,SUTAMARCHAN,38,2119,2063
733,07292,662,612,BOYACA,3682,14,SUTATENZA,30,1318,1274
734,07298,641,913,BOYACA,4986,7,TASCO,37,1598,1554
735,07301,592,1028,BOYACA,3555,17,TENZA,26,1663,1620
736,07304,740,1312,BOYACA,7402,14,TIBANA,57,2123,2052
737,07307,1685,1842,BOYACA,8412,13,TIBASOSA,75,3615,3527
738,07310,505,632,BOYACA,2538,5,TINJACA,20,1162,1137
739,07311,520,557,BOYACA,3353,30,TIPACOQUE,29,1136,1077
740,07313,1168,1107,BOYACA,6996,29,TOCA,40,2344,2275
741,07316,410,516,BOYACA,4284,19,TOGUI,22,967,926
742,07319,789,552,BOYACA,2924,10,TOPAGA,19,1370,1341
743,07322,590,318,BOYACA,4105,10,TOTA,25,943,908
744,07001,25112,32780,BOYACA,116576,143,TUNJA,1003,59038,57892
745,07324,181,461,BOYACA,1314,4,TUNUNGUA,9,655,642
746,07325,568,1161,BOYACA,5703,16,TURMEQUE,41,1786,1729
747,07328,1497,1536,BOYACA,7216,23,TUTA,57,3113,3033
748,07331,412,492,BOYACA,1841,16,TUTAZA,29,949,904
749,07334,1224,980,BOYACA,5815,30,UMBITA,47,2281,2204
750,07337,1689,1566,BOYACA,10912,18,VENTAQUEMADA,81,3354,3255
751,07340,452,343,BOYACA,2553,11,VIRACACHA,16,822,795
752,07346,473,910,BOYACA,3874,12,ZETAQUIRA,15,1410,1383
753,01004,2105,1296,ANTIOQUIA,15274,194,ABEJORRAL,52,3647,3401
754,01007,332,213,ANTIOQUIA,1938,14,ABRIAQUI,13,572,545
755,01010,696,966,ANTIOQUIA,4577,51,ALEJANDRIA,22,1735,1662
756,01013,4139,2084,ANTIOQUIA,22028,53,AMAGA,94,6370,6223
757,01016,2304,1310,ANTIOQUIA,16928,132,AMALFI,72,3818,3614
758,01019,5729,3193,ANTIOQUIA,34842,78,ANDES,93,9093,8922
759,01022,1004,553,ANTIOQUIA,5679,9,ANGELOPOLIS,23,1589,1557
760,01025,1089,705,ANTIOQUIA,9154,57,ANGOSTURA,84,1935,1794
761,01028,953,1764,ANTIOQUIA,11144,227,ANORI,40,2984,2717
762,01031,3300,2041,ANTIOQUIA,19732,52,ANTIOQUIA,102,5495,5341
763,01034,740,363,ANTIOQUIA,5715,31,ANZA,16,1150,1103
764,01035,12936,14195,ANTIOQUIA,89196,352,APARTADO,478,27961,27131
765,01037,1937,3691,ANTIOQUIA,21448,181,ARBOLETES,57,5866,5628
766,01039,1351,650,ANTIOQUIA,6627,41,ARGELIA,23,2065,2001
767,01040,676,301,ANTIOQUIA,4844,23,ARMENIA,26,1026,977
768,01043,8666,4200,ANTIOQUIA,38541,287,BARBOSA,277,13430,12866
769,01049,76122,43642,ANTIOQUIA,318411,509,BELLO,1577,121850,119764
770,01046,897,687,ANTIOQUIA,4807,16,BELMIRA,17,1617,1584
771,01052,1110,466,ANTIOQUIA,8372,11,BETANIA,22,1609,1576
772,01055,1919,1005,ANTIOQUIA,13377,50,BETULIA,49,3023,2924
773,01058,3875,1644,ANTIOQUIA,24029,57,BOLIVAR,60,5636,5519
774,01062,604,1367,ANTIOQUIA,6169,62,BRICEÑO,45,2078,1971
775,01061,890,474,ANTIOQUIA,6829,22,BURITICA,20,1406,1364
776,01064,1358,2506,ANTIOQUIA,19788,57,CACERES,83,4004,3864
777,01067,921,593,ANTIOQUIA,6091,43,CAICEDO,43,1600,1514
778,01070,16149,9292,ANTIOQUIA,60580,123,CALDAS,397,25961,25441
779,01073,604,619,ANTIOQUIA,6360,32,CAMPAMENTO,41,1296,1223
780,01076,2739,1911,ANTIOQUIA,13402,113,CAÑASGORDAS,121,4884,4650
781,01078,593,578,ANTIOQUIA,4856,16,CARACOLI,12,1199,1171
782,01079,790,568,ANTIOQUIA,5231,33,CARAMANTA,26,1417,1358
783,01080,6057,5327,ANTIOQUIA,41461,159,CAREPA,190,11733,11384
784,01085,641,464,ANTIOQUIA,4081,22,CAROLINA,23,1150,1105
785,01088,11495,8801,ANTIOQUIA,66133,247,CAUCASIA,368,20911,20296
786,01106,5745,6322,ANTIOQUIA,44791,138,CHIGORODO,187,12392,12067
787,01091,1837,1084,ANTIOQUIA,11434,33,CISNEROS,63,3017,2921
788,01094,3006,1647,ANTIOQUIA,12965,130,COCORNA,81,4864,4653
789,01097,931,572,ANTIOQUIA,4409,23,CONCEPCION,27,1553,1503
790,01100,2081,998,ANTIOQUIA,16027,55,CONCORDIA,50,3184,3079
791,01103,15052,9535,ANTIOQUIA,62062,323,COPACABANA,369,25279,24587
792,01109,1622,2971,ANTIOQUIA,16986,166,DABEIBA,99,4858,4593
793,01115,1788,967,ANTIOQUIA,11421,59,EBEJICO,32,2846,2755
794,01118,1766,868,ANTIOQUIA,7957,16,ENTRERRIOS,30,2680,2634
795,01121,67255,37800,ANTIOQUIA,232003,872,ENVIGADO,1061,106988,105055
796,01124,3064,1703,ANTIOQUIA,18196,27,FREDONIA,64,4858,4767
797,01127,1744,2148,ANTIOQUIA,16785,68,FRONTINO,78,4038,3892
798,01130,557,666,ANTIOQUIA,3946,11,GIRALDO,17,1251,1223
799,01133,10680,6088,ANTIOQUIA,47612,90,GIRARDOTA,277,17135,16768
800,01139,2120,1382,ANTIOQUIA,10270,75,GRANADA,53,3630,3502
801,01140,587,714,ANTIOQUIA,5656,40,GUADALUPE,47,1388,1301
802,01142,10604,3870,ANTIOQUIA,31687,116,GUARNE,214,14804,14474
803,01145,1966,1232,ANTIOQUIA,6523,26,GUATAPE,37,3261,3198
804,01148,795,632,ANTIOQUIA,6157,36,HELICONIA,29,1492,1427
805,01150,654,459,ANTIOQUIA,5219,18,HISPANIA,11,1142,1113
806,01151,59627,35166,ANTIOQUIA,245703,426,ITAGUI,1344,96563,94793
807,01154,1196,2706,ANTIOQUIA,17406,139,ITUANGO,116,4157,3902
808,01157,2884,1620,ANTIOQUIA,12094,46,JARDIN,44,4594,4504
809,01160,2341,957,ANTIOQUIA,11023,36,JERICO,39,3373,3298
810,01172,1674,933,ANTIOQUIA,9204,56,LIBORINA,40,2703,2607
811,01175,1065,777,ANTIOQUIA,7467,31,MACEO,26,1899,1842
812,01178,11993,5481,ANTIOQUIA,38176,103,MARINILLA,190,17767,17474
813,01001,431173,253548,ANTIOQUIA,1508418,3309,MEDELLIN,6754,694784,684721
814,01181,776,953,ANTIOQUIA,6043,63,MONTEBELLO,35,1827,1729
815,01184,44,1073,ANTIOQUIA,2724,19,MURINDO,14,1150,1117
816,01187,1016,1846,ANTIOQUIA,13626,119,MUTATA,49,3030,2862
817,01190,1626,786,ANTIOQUIA,9015,70,NARIÑO,31,2513,2412
818,01191,1799,1937,ANTIOQUIA,18186,41,NECHI,57,3834,3736
819,01192,2860,4359,ANTIOQUIA,32486,101,NECOCLI,155,7475,7219
820,01193,449,273,ANTIOQUIA,2719,11,OLAYA,7,740,722
821,01196,3265,2032,ANTIOQUIA,15806,63,PEÑOL,55,5415,5297
822,01199,608,1632,ANTIOQUIA,6089,48,PEQUE,43,2331,2240
823,01202,1138,593,ANTIOQUIA,7113,32,PUEBLORRICO,24,1787,1731
824,01208,2229,1186,ANTIOQUIA,17020,38,REMEDIOS,126,3579,3415
825,01211,4703,2145,ANTIOQUIA,15100,45,RETIRO,58,6951,6848
826,01214,32596,14361,ANTIOQUIA,94806,197,RIONEGRO,637,47791,46957
827,01217,1501,778,ANTIOQUIA,7052,44,SABANALARGA,41,2364,2279
828,01218,16903,9955,ANTIOQUIA,59616,39,SABANETA,285,27182,26858
829,01220,1621,782,ANTIOQUIA,13483,47,SALGAR,24,2474,2403
830,01256,9020,3329,ANTIOQUIA,26217,122,SANTUARIO,150,12621,12349
831,01259,3073,1516,ANTIOQUIA,26169,27,SEGOVIA,68,4684,4589
832,01262,6550,2319,ANTIOQUIA,27198,158,SONSON,266,9293,8869
833,01265,2266,1875,ANTIOQUIA,12063,58,SOPETRAN,60,4259,4141
834,01268,2889,1579,ANTIOQUIA,14473,59,TAMESIS,52,4579,4468
835,01270,2311,3477,ANTIOQUIA,26186,90,TARAZA,110,5988,5788
836,01271,691,503,ANTIOQUIA,5883,22,TARSO,14,1230,1194
837,01274,1362,742,ANTIOQUIA,8726,37,TITIRIBI,39,2180,2104
838,01277,507,798,ANTIOQUIA,4383,61,TOLEDO,63,1429,1305
839,01280,8887,11378,ANTIOQUIA,84866,277,TURBO,371,20913,20265
840,01282,813,951,ANTIOQUIA,6351,24,URAMITA,37,1825,1764
841,01283,2959,2644,ANTIOQUIA,22361,123,URRAO,138,5864,5603
842,01286,1069,1072,ANTIOQUIA,12054,63,VALDIVIA,57,2261,2141
843,01289,893,597,ANTIOQUIA,5665,22,VALPARAISO,22,1534,1490
844,01290,1268,503,ANTIOQUIA,10165,44,VEGACHI,22,1837,1771
845,01292,1767,1097,ANTIOQUIA,10977,26,VENECIA,26,2916,2864
846,01293,692,437,ANTIOQUIA,6006,25,YALI,6,1160,1129
847,01295,6091,2941,ANTIOQUIA,33092,264,YARUMAL,187,9483,9032
848,01298,2055,1344,ANTIOQUIA,15878,56,YOLOMBO,57,3512,3399
849,01301,1726,1672,ANTIOQUIA,18939,59,ZARAGOZA,88,3545,3398
